"Ms.A.1.2.25.111","http://archive.org/details/copyoflettertoma00turg"
"Ms.A.7.3.126","http://archive.org/details/extractoflettert00west"
"Ms.A.9.2.31.20","http://archive.org/details/incompleteletter00rick3"
"Ms.A.9.2.22.85","http://archive.org/details/incompleteletter00webb2"
"Ms.A.1.2.15.78","http://archive.org/details/incompleteletter00webb"
"Ms.A.1.2.14.16","http://archive.org/details/letterformwchapm00webb"
"Ms.A.9.2.29.36","http://archive.org/details/lettertoannewarr00webb4"
"Ms.A.9.2.28.71","http://archive.org/details/lettertoannewwes00webb"
"Ms.A.9.2.18.49","http://archive.org/details/lettertocaroline00west3"
"Ms.A.9.2.6.36A","http://archive.org/details/lettertochereexc00scho"
"Ms.A.9.2.26.72","http://archive.org/details/lettertodearcaro00chap14"
"Ms.A.9.2.26.74","http://archive.org/details/lettertodearcaro00chap15"
"Ms.A.9.2.19.85","http://archive.org/details/lettertodearcaro00chap6"
"Ms.A.9.2.4.89","http://archive.org/details/lettertodearcaro00chap"
"Ms.A.9.2.19.40","http://archive.org/details/lettertodearcaro00west24"
"Ms.A.9.2.3.82","http://archive.org/details/lettertodeardebo00chap9"
"Ms.A.9.2.31.24","http://archive.org/details/lettertodeardebo00rick12"
"Ms.A.9.2.31.44","http://archive.org/details/lettertodeardebo00rick15"
"Ms.A.9.2.30.73","http://archive.org/details/lettertodeardebo00rick2"
"Ms.A.9.2.3.104","http://archive.org/details/lettertodeardebo00west49"
"Ms.A.9.2.3.10","http://archive.org/details/lettertodearemma00west5"
"Ms.A.9.2.28.49","http://archive.org/details/lettertodearesta00estl4"
"Ms.A.7.3.57","http://archive.org/details/lettertodearestm00estl11"
"Ms.A.7.3.78","http://archive.org/details/lettertodearestm00estl13"
"Ms.A.7.3.62","http://archive.org/details/lettertodearestm00estl17"
"Ms.A.7.3.65","http://archive.org/details/lettertodearestm00estl18"
"Ms.A.7.3.82","http://archive.org/details/lettertodearestm00estl20"
"Ms.A.9.2.28.7","http://archive.org/details/lettertodearestm00estl4"
"Ms.A.9.2.28.13","http://archive.org/details/lettertodearfolk00west3"
"Ms.B.1.6.8.78","http://archive.org/details/lettertodearfr00mays2"
"Ms.B.1.6.8.87","http://archive.org/details/lettertodearfr00mays4"
"Ms.A.1.2.28.166","http://archive.org/details/lettertodearfri00garr"
"Ms.B.1.6.8.11","http://archive.org/details/lettertodearfri00mays1"
"Ms.B.1.6.8.23","http://archive.org/details/lettertodearfri00mays2"
"Ms.B.1.6.8.44","http://archive.org/details/lettertodearfri00mays6"
"Ms.B.1.6.8.50","http://archive.org/details/lettertodearfri00mays7"
"Ms.A.9.2.23.75","http://archive.org/details/lettertodearfrie00alle"
"Ms.A.1.2.23.96","http://archive.org/details/lettertodearfrie00armi"
"Ms.A.1.2.16.87","http://archive.org/details/lettertodearfrie00burr"
"Ms.A.4.1.89","http://archive.org/details/lettertodearfrie00chap11"
"Ms.A.4.1.109","http://archive.org/details/lettertodearfrie00chap13"
"Ms.A.1.2.14.48","http://archive.org/details/lettertodearfrie00chap14"
"Ms.A.1.2.15.57","http://archive.org/details/lettertodearfrie00chap16"
"Ms.A.1.2.11.33","http://archive.org/details/lettertodearfrie00chap3"
"Ms.A.1.2.11.87","http://archive.org/details/lettertodearfrie00chap4"
"Ms.A.1.2.9.27","http://archive.org/details/lettertodearfrie00chap"
"Ms.B.1.6.8.60","http://archive.org/details/lettertodearfrie00mays4"
"Ms.B.1.6.8.94","http://archive.org/details/lettertodearfrie00mays5"
"Ms.A.9.2.22.81","http://archive.org/details/lettertodearfrie00phil5"
"Ms.A.1.2.15.63","http://archive.org/details/lettertodearfrie00webb3"
"Ms.A.9.2.24.78","http://archive.org/details/lettertodearfrie00webb4"
"Ms.A.9.2.22.127","http://archive.org/details/lettertodearfrie00webb5"
"Ms.A.1.2.32.22A","http://archive.org/details/lettertodearfrie03garr"
"Ms.A.1.2.24.25","http://archive.org/details/lettertodearfrien00lori"
"Ms.A.1.2.29.26","http://archive.org/details/lettertodearfrien00sarg"
"Ms.A.1.2.28.46","http://archive.org/details/lettertodearfriendm00garr"
"Ms.A.5.1.74","http://archive.org/details/lettertodearhenr00chil2"
"Ms.A.9.2.32.7","http://archive.org/details/lettertodearlizz00chap5"
"Ms.A.9.2.30.74","http://archive.org/details/lettertodearlizz00chap7"
"Ms.A.9.2.25.126","http://archive.org/details/lettertodearmiss00estl2"
"Ms.A.1.2.30.171","http://archive.org/details/lettertodearmrga03chap"
"Ms.A.1.2.23.108","http://archive.org/details/lettertodearmrgar00west"
"Ms.A.1.2.22.101","http://archive.org/details/lettertodearmrmk00west"
"Ms.A.9.2.32.47","http://archive.org/details/lettertodearmrs65webb2"
"Ms.A.9.2.32.29","http://archive.org/details/lettertodearmrs65webb"
"Ms.A.9.2.22.129","http://archive.org/details/lettertodearmrsc00alle4"
"Ms.A.9.2.18.28","http://archive.org/details/lettertodearmrsc00jenn2"
"Ms.A.9.2.11.33","http://archive.org/details/lettertodearmrsc00powe"
"Ms.A.9.2.26.64","http://archive.org/details/lettertodearmrsc00webb11"
"Ms.A.9.2.27.16","http://archive.org/details/lettertodearmrsc00webb13"
"Ms.A.9.2.27.25","http://archive.org/details/lettertodearmrsc00webb14"
"Ms.A.9.2.27.39","http://archive.org/details/lettertodearmrsc00webb16"
"Ms.A.9.2.28.4","http://archive.org/details/lettertodearmrsc00webb17"
"Ms.A.9.2.28.30","http://archive.org/details/lettertodearmrsc00webb19"
"Ms.A.9.2.28.41","http://archive.org/details/lettertodearmrsc00webb21"
"Ms.A.9.2.25.104","http://archive.org/details/lettertodearmrsc00webb2"
"Ms.A.1.2.25.29","http://archive.org/details/lettertodearmrsn00chap2"
"Ms.A.1.2.27.4","http://archive.org/details/lettertodearmrsn00chap3"
"Ms.A.1.2.30.79","http://archive.org/details/lettertodearmrsn00chap4"
"Ms.A.7.2.65","http://archive.org/details/lettertodearmrst00chap"
"Ms.A.9.2.22.131","http://archive.org/details/lettertodearmuch00pato2"
"Ms.A.9.2.23.35","http://archive.org/details/lettertodearmuch00pato5"
"Ms.A.1.2.34.94B","http://archive.org/details/lettertodearsir00bank"
"Ms.A.1.2.33.75B","http://archive.org/details/lettertodearsir00clar"
"Ms.B.1.6.2.10","http://archive.org/details/lettertodearsir00mays"
"Ms.A.1.2.9.74","http://archive.org/details/lettertodearsirm1840garr"
"Ms.A.1.2.16.83","http://archive.org/details/lettertodearsirma00carp"
"Ms.A.1.2.35.47A","http://archive.org/details/lettertodearsirma00whit"
"Ms.A.1.2.34.17A","http://archive.org/details/lettertodearsirman00bank"
"Ms.A.1.2.16.112","http://archive.org/details/lettertodearsirman00carp"
"Ms.A.1.2.9.21","http://archive.org/details/lettertodearsirman00garr"
"Ms.A.1.2.16.132","http://archive.org/details/lettertodearsirmanu00carp"
"Ms.B.1.6.8.56","http://archive.org/details/lettertodearweb00mays"
"Ms.B.1.6.8.2","http://archive.org/details/lettertodearwebb00mays"
"Ms.A.1.2.24.61","http://archive.org/details/lettertoelizabet00chap6"
"Ms.A.9.2.27.68","http://archive.org/details/lettertoemdavisd00west"
"Ms.A.1.2.15.60","http://archive.org/details/lettertoeternalf00buff"
"Ms.A.1.2.33.112A","http://archive.org/details/lettertofriendgarr00chil"
"Ms.A.1.2.11.39","http://archive.org/details/lettertojhtredgo00garr"
"Ms.A.9.2.15.70","http://archive.org/details/lettertomadamcha00grif"
"Ms.A.9.2.1.11","http://archive.org/details/lettertomonsieur00west"
"Ms.A.1.2.31.5A","http://archive.org/details/lettertomrgarris00anth"
"Ms.A.1.2.30.84","http://archive.org/details/lettertomrgarris00babc"
"Ms.A.1.2.33.60A","http://archive.org/details/lettertomrgarris00broo"
"Ms.A.1.2.29.20","http://archive.org/details/lettertomrgarris00dela"
"Ms.A.1.2.26.1","http://archive.org/details/lettertomrgarris00doug"
"Ms.A.9.2.22.50","http://archive.org/details/lettertomrschapm00hayd"
"Ms.A.9.2.14.8","http://archive.org/details/lettertomrschapm00john3"
"Ms.A.9.2.18.38","http://archive.org/details/lettertomrsmaria00grif2"
"Ms.A.9.2.17.120","http://archive.org/details/lettertomrsmaria00grif"
"Ms.A.1.2.23.41","http://archive.org/details/lettertomrwmlloy00ashu"
"Ms.A.9.2.20.47","http://archive.org/details/lettertomydear44haug1"
"Ms.A.9.2.20.71","http://archive.org/details/lettertomydear44haug2"
"Ms.A.9.2.20.16-17","http://archive.org/details/lettertomydear44stur1"
"Ms.A.9.2.21.79","http://archive.org/details/lettertomydear45haug"
"Ms.A.9.2.23.23","http://archive.org/details/lettertomydear47eliz2"
"Ms.A.9.2.26.71","http://archive.org/details/lettertomydear52chap"
"Ms.A.9.2.31.42","http://archive.org/details/lettertomydear63webb1"
"Ms.A.9.2.31.67","http://archive.org/details/lettertomydear63webb2"
"Ms.A.9.2.31.88","http://archive.org/details/lettertomydear63webb3"
"Ms.A.9.2.32.35","http://archive.org/details/lettertomydear65webb1"
"Ms.A.9.2.32.45","http://archive.org/details/lettertomydear65webb2"
"Ms.A.9.2.32.80","http://archive.org/details/lettertomydear71webb1"
"Ms.A.9.2.31.9","http://archive.org/details/lettertomydearan00chap2"
"Ms.A.9.2.31.27","http://archive.org/details/lettertomydearan00chap3"
"Ms.A.9.2.31.65","http://archive.org/details/lettertomydearan00chap4"
"Ms.A.9.2.26.50","http://archive.org/details/lettertomydearca00pugh"
"Ms.A.9.2.23.32-33","http://archive.org/details/lettertomydearca00quin7"
"Ms.A.7.3.73","http://archive.org/details/lettertomydeares00estl27"
"Ms.A.7.3.59-60","http://archive.org/details/lettertomydeares00estl3"
"Ms.A.9.2.32.74","http://archive.org/details/lettertomydeares00estl5"
"Ms.A.1.2.22.8","http://archive.org/details/lettertomydearf00davi4"
"Ms.B.1.6.8.31","http://archive.org/details/lettertomydearf00mays1"
"Ms.B.1.6.8.18","http://archive.org/details/lettertomydearf00wigh3"
"Ms.B.1.6.8.27","http://archive.org/details/lettertomydearf00wigh4"
"Ms.A.9.2.21.39","http://archive.org/details/lettertomydearfr00alle"
"Ms.A.1.2.18.26","http://archive.org/details/lettertomydearfr00chap16"
"Ms.A.1.2.18.41","http://archive.org/details/lettertomydearfr00chap17"
"Ms.A.1.2.18.88","http://archive.org/details/lettertomydearfr00chap18"
"Ms.A.1.2.20.35","http://archive.org/details/lettertomydearfr00chap19"
"Ms.A.1.2.20.39","http://archive.org/details/lettertomydearfr00chap20"
"Ms.A.1.2.20.137","http://archive.org/details/lettertomydearfr00chap27"
"Ms.A.1.2.25.2","http://archive.org/details/lettertomydearfr00chap28"
"Ms.A.1.2.11.84","http://archive.org/details/lettertomydearfr00chap2"
"Ms.A.1.2.28.133","http://archive.org/details/lettertomydearfr00chap33"
"Ms.A.1.2.30.169","http://archive.org/details/lettertomydearfr00chap34"
"Ms.A.1.2.9.28","http://archive.org/details/lettertomydearfr00chap3"
"Ms.A.1.2.12.2.7","http://archive.org/details/lettertomydearfr00chap4"
"Ms.A.1.2.9.20","http://archive.org/details/lettertomydearfr00chap"
"Ms.A.4.1.90","http://archive.org/details/lettertomydearfr00chil10"
"Ms.A.5.1.97","http://archive.org/details/lettertomydearfr00chil5"
"Ms.A.9.2.19.37","http://archive.org/details/lettertomydearfr00chil9"
"Ms.A.9.2.19.35","http://archive.org/details/lettertomydearfr00doug"
"Ms.A.9.2.29.64","http://archive.org/details/lettertomydearfr00mays17"
"Ms.A.9.2.26.9","http://archive.org/details/lettertomydearfr00nich2"
"Ms.A.9.2.18.12","http://archive.org/details/lettertomydearfr00pool"
"Ms.A.9.2.27.40","http://archive.org/details/lettertomydearfr00pugh6"
"Ms.A.1.2.14.45","http://archive.org/details/lettertomydearfr00webb10"
"Ms.A.1.2.14.51","http://archive.org/details/lettertomydearfr00webb11"
"Ms.A.1.2.14.57","http://archive.org/details/lettertomydearfr00webb12"
"Ms.A.1.2.14.63","http://archive.org/details/lettertomydearfr00webb13"
"Ms.A.1.2.14.68","http://archive.org/details/lettertomydearfr00webb14"
"Ms.A.1.2.14.73","http://archive.org/details/lettertomydearfr00webb15"
"Ms.A.1.2.14.76","http://archive.org/details/lettertomydearfr00webb16"
"Ms.A.1.2.15.13","http://archive.org/details/lettertomydearfr00webb17"
"Ms.A.1.2.15.20","http://archive.org/details/lettertomydearfr00webb18"
"Ms.A.1.2.15.35","http://archive.org/details/lettertomydearfr00webb19"
"Ms.A.1.2.15.42","http://archive.org/details/lettertomydearfr00webb20"
"Ms.A.1.2.15.50","http://archive.org/details/lettertomydearfr00webb21"
"Ms.A.1.2.15.56","http://archive.org/details/lettertomydearfr00webb22"
"Ms.A.1.2.15.69","http://archive.org/details/lettertomydearfr00webb23"
"Ms.A.9.2.22.51","http://archive.org/details/lettertomydearfr00webb29"
"Ms.A.9.2.22.75","http://archive.org/details/lettertomydearfr00webb30"
"Ms.A.9.2.22.109","http://archive.org/details/lettertomydearfr00webb31"
"Ms.A.9.2.23.29","http://archive.org/details/lettertomydearfr00webb34"
"Ms.A.9.2.23.43","http://archive.org/details/lettertomydearfr00webb35"
"Ms.A.9.2.24.69","http://archive.org/details/lettertomydearfr00webb48"
"Ms.A.9.2.25.139","http://archive.org/details/lettertomydearfr00webb59"
"Ms.A.9.2.29.22","http://archive.org/details/lettertomydearfr00webb64"
"Ms.A.9.2.30.70","http://archive.org/details/lettertomydearfr00webb65"
"Ms.A.9.2.30.82","http://archive.org/details/lettertomydearfr00webb66"
"Ms.A.9.2.30.85","http://archive.org/details/lettertomydearfr00webb67"
"Ms.A.9.2.30.89","http://archive.org/details/lettertomydearfr00webb68"
"Ms.A.1.2.13.82","http://archive.org/details/lettertomydearfr00webb6"
"Ms.A.1.2.14.24","http://archive.org/details/lettertomydearfr00webb8"
"Ms.A.1.2.14.26","http://archive.org/details/lettertomydearfr00webb9"
"Ms.A.1.2.15.11","http://archive.org/details/lettertomydearfr00west18"
"Ms.A.1.2.15.72","http://archive.org/details/lettertomydearfr00west19"
"Ms.B.1.6.3.55","http://archive.org/details/lettertomydearfr00west2"
"Ms.A.7.3.124","http://archive.org/details/lettertomydearfr00west4"
"Ms.B.1.6.6.56","http://archive.org/details/lettertomydearfr00west8"
"Ms.B.1.6.8.64","http://archive.org/details/lettertomydearfr00wigh4"
"Ms.B.1.6.8.90","http://archive.org/details/lettertomydearfr00wigh5"
"Ms.A.1.2.18.35","http://archive.org/details/lettertomydearfr02webb"
"Ms.A.1.2.20.23","http://archive.org/details/lettertomydearfr04webb"
"Ms.A.1.2.21.135","http://archive.org/details/lettertomydearfr06webb"
"Ms.A.1.2.23.72","http://archive.org/details/lettertomydearfr1853ashu"
"Ms.A.1.2.12.2.42","http://archive.org/details/lettertomydearfri00alle"
"Ms.A.1.2.9.108","http://archive.org/details/lettertomydearfri00coll"
"Ms.A.9.2.21.30","http://archive.org/details/lettertomydearfri00pugh"
"Ms.A.1.2.11.49","http://archive.org/details/lettertomydearfrie00coll"
"Ms.A.1.2.23.44","http://archive.org/details/lettertomydearfrie00garr"
"Ms.A.1.2.23.99","http://archive.org/details/lettertomydearfrien00garr"
"Ms.A.1.2.16.137","http://archive.org/details/lettertomydearfrien00webb"
"Ms.A.1.2.35.24","http://archive.org/details/lettertomydearga00thom"
"Ms.A.9.2.28.63","http://archive.org/details/lettertomydearli00chap6"
"Ms.A.1.2.11.94","http://archive.org/details/lettertomydearly00coll"
"Ms.B.1.6.8.32","http://archive.org/details/lettertomydearm00craf"
"Ms.A.9.2.22.128","http://archive.org/details/lettertomydearma00brow2"
"Ms.A.9.2.13.112","http://archive.org/details/lettertomydearma00mott4"
"Ms.A.9.2.13.49","http://archive.org/details/lettertomydearmc00knig"
"Ms.A.9.2.32.32","http://archive.org/details/lettertomydearmi00estl11"
"Ms.A.9.2.25.124","http://archive.org/details/lettertomydearmi00estl14"
"Ms.A.9.2.25.66","http://archive.org/details/lettertomydearmi00estl17"
"Ms.A.9.2.15.97","http://archive.org/details/lettertomydearmi00hild"
"Ms.A.9.2.6.54","http://archive.org/details/lettertomydearmi00mich4"
"Ms.A.9.2.26.28","http://archive.org/details/lettertomydearmi00trib"
"Ms.A.9.2.23.26","http://archive.org/details/lettertomydearmr00brow2"
"Ms.A.9.2.24.50","http://archive.org/details/lettertomydearmr00carp11"
"Ms.A.9.2.22.100","http://archive.org/details/lettertomydearmr00carp12"
"Ms.A.9.2.21.90","http://archive.org/details/lettertomydearmr00carp3"
"Ms.A.9.2.22.107","http://archive.org/details/lettertomydearmr00carp5"
"Ms.A.9.2.22.146","http://archive.org/details/lettertomydearmr00crop"
"Ms.A.9.2.22.82","http://archive.org/details/lettertomydearmr00doug"
"Ms.A.9.2.22.27","http://archive.org/details/lettertomydearmr00estl15"
"Ms.A.7.3.50","http://archive.org/details/lettertomydearmr00estl21"
"Ms.A.7.3.64","http://archive.org/details/lettertomydearmr00estl24"
"Ms.A.9.2.21.96","http://archive.org/details/lettertomydearmr00estl3"
"Ms.A.9.2.22.86","http://archive.org/details/lettertomydearmr00estl5"
"Ms.B.1.6.2.11","http://archive.org/details/lettertomydearmr00estli"
"Ms.A.9.2.23.20","http://archive.org/details/lettertomydearmr00haug"
"Ms.A.1.2.33.91A","http://archive.org/details/lettertomydearmr00west7"
"Ms.A.1.2.34.17B","http://archive.org/details/lettertomydearmr03west"
"Ms.A.9.2.20.66","http://archive.org/details/lettertomydearmrs00stea"
"Ms.A.9.2.29.79","http://archive.org/details/lettertomydearmrsc00estl"
"Ms.A.9.2.22.124","http://archive.org/details/lettertomydearmw00webb"
"Ms.B.1.6.2.14","http://archive.org/details/lettertomydears00mays1"
"Ms.B.1.6.1.33","http://archive.org/details/lettertomydearsi00arms2"
"Ms.A.1.2.9.81","http://archive.org/details/lettertomydearsi00ashu"
"Ms.A.1.2.33.6A","http://archive.org/details/lettertomydearsi00conw"
"Ms.B.1.6.2.19","http://archive.org/details/lettertomydearsi00estl5"
"Ms.B.1.6.2.12","http://archive.org/details/lettertomydearsi00estli"
"Ms.B.1.6.1.36","http://archive.org/details/lettertomydearsi00mays"
"Ms.A.1.2.33.68B","http://archive.org/details/lettertomydearwe00chap"
"Ms.A.1.2.33.68B","http://archive.org/details/lettertomydearwe00chap"
"Ms.A.1.1.4.31","http://archive.org/details/lettertomydearwe00garr4"
"Ms.A.9.2.16.20","http://archive.org/details/lettertomyfriend62webb1"
"Ms.A.1.2.16.133","http://archive.org/details/lettertosirmanus00colt"
"Ms.A.1.2.35.16B","http://archive.org/details/lettertowilliaml00cham"
"Ms.A.1.2.16.1","http://archive.org/details/lettertowilliaml00doug"
"Ms.A.1.2.16.55","http://archive.org/details/lettertowilliaml01buff"
"Ms.A.1.2.21.113","http://archive.org/details/lettertowlgarris00beec"
"Ms.A.1.2.29.143","http://archive.org/details/lettertowlgarris00garr"
"Ms.A.1.2.20.22","http://archive.org/details/lettertowllloydg00davi"
"Ms.A.1.2.33.75A","http://archive.org/details/lettertowlloydg00smit"
"Ms.A.1.2.31.120A","http://archive.org/details/lettertowlloydga00smit"
"Ms.A.1.2.30.98","http://archive.org/details/lettertowmlloydg00ashu"
"Ms.A.1.2.33.101B","http://archive.org/details/lettertowmlloydg00estc"
"Ms.A.1.2.31.65B","http://archive.org/details/lettertowmlloydg00smit"
"Ms.A.1.2.32.22B","http://archive.org/details/lettertowmlloydga00andr"
"Ms.A.9.2.31.10","http://archive.org/details/partiallettertoa00chap"
"Ms.A.9.2.26.49","http://archive.org/details/partiallettertoa00estl2"
"Ms.A.9.2.30.75","http://archive.org/details/partiallettertoa00webb"
"Ms.A.9.2.16.21","http://archive.org/details/partiallettertom00webb5"
"Ms.A.9.2.22.150","http://archive.org/details/partiallettertom00webb6"
"Ms.A.9.2.32.68","http://archive.org/details/partiallettertom00webb8"
"Ms.A.1.2.16.19","http://archive.org/details/partiallettertom00west6"
"Ms.A.7.3.122","http://archive.org/details/partiallettertom00west"
"Ms.A.9.2.6.107","http://archive.org/details/partiallettertou00west2"
